<?xml version = '1.0' encoding = 'UTF-8'?>
<Entity class="oracle.dbtools.crest.model.design.logical.Entity" directorySegmentName="seg_0" id="0DC955E1-0D65-02A3-6066-A22813E884B6" name="Empleado">
<createdBy>javieragutierrez</createdBy>
<createdTime>2026-01-08 18:43:22 UTC</createdTime>
<engineerTo>
<item key="C304C17A-946F-EF19-AD91-CC1138C1F812" value="true"/>
</engineerTo>
<adequatelyNormalized>NO</adequatelyNormalized>
<expectedVolumes>0</expectedVolumes>
<fwdEngineeringStrategyName>Single Table</fwdEngineeringStrategyName>
<growthPercent>0</growthPercent>
<growthType>Year</growthType>
<maxVolumes>9999999</maxVolumes>
<minVolumes>0</minVolumes>
<normalForm>Third</normalForm>
<attributes itemClass="oracle.dbtools.crest.model.design.logical.Attribute">
<Attribute name="RUT" id="2108EBF9-4A66-8F5B-76DD-8508313DE997">
<createdBy>javieragutierrez</createdBy>
<createdTime>2026-01-08 18:44:06 UTC</createdTime>
<engineerTo>
<item key="C304C17A-946F-EF19-AD91-CC1138C1F812" value="true"/>
</engineerTo>
<use>0</use>
<ownDataTypeParameters>,,</ownDataTypeParameters>
</Attribute>
<Attribute name="Nombre_Completo" id="E222B61B-14C8-4B9F-4B4D-6AE2FC4F6F08">
<createdBy>javieragutierrez</createdBy>
<createdTime>2026-01-08 18:44:16 UTC</createdTime>
<engineerTo>
<item key="C304C17A-946F-EF19-AD91-CC1138C1F812" value="true"/>
</engineerTo>
<nullsAllowed>true</nullsAllowed>
<use>0</use>
<ownDataTypeParameters>,,</ownDataTypeParameters>
</Attribute>
<Attribute name="Dirección" id="FB7F2A55-406D-2E8C-A250-319E8BC9907E">
<createdBy>javieragutierrez</createdBy>
<createdTime>2026-01-08 18:44:24 UTC</createdTime>
<engineerTo>
<item key="C304C17A-946F-EF19-AD91-CC1138C1F812" value="true"/>
</engineerTo>
<nullsAllowed>true</nullsAllowed>
<use>0</use>
<ownDataTypeParameters>,,</ownDataTypeParameters>
</Attribute>
<Attribute name="Sueldo_Base" id="5E56532C-E9ED-5A36-627B-E8086CC33D2A">
<createdBy>javieragutierrez</createdBy>
<createdTime>2026-01-08 18:44:33 UTC</createdTime>
<engineerTo>
<item key="C304C17A-946F-EF19-AD91-CC1138C1F812" value="true"/>
</engineerTo>
<nullsAllowed>true</nullsAllowed>
<use>0</use>
<ownDataTypeParameters>,,</ownDataTypeParameters>
</Attribute>
<Attribute name="Fecha_Ingreso" id="1E45F311-EC92-F88A-9033-DC217B8FD7B6">
<createdBy>javieragutierrez</createdBy>
<createdTime>2026-01-08 18:44:44 UTC</createdTime>
<engineerTo>
<item key="C304C17A-946F-EF19-AD91-CC1138C1F812" value="true"/>
</engineerTo>
<nullsAllowed>true</nullsAllowed>
<use>0</use>
<ownDataTypeParameters>,,</ownDataTypeParameters>
</Attribute>
<Attribute name="Genero" id="C69600E1-2172-3B7A-D6CD-5F8027920A69">
<createdBy>javieragutierrez</createdBy>
<createdTime>2026-01-08 18:44:52 UTC</createdTime>
<engineerTo>
<item key="C304C17A-946F-EF19-AD91-CC1138C1F812" value="true"/>
</engineerTo>
<nullsAllowed>true</nullsAllowed>
<use>0</use>
<ownDataTypeParameters>,,</ownDataTypeParameters>
</Attribute>
<Attribute name="Tel_Movil" id="3096DE92-1897-D12F-0ABF-19D94CE29605">
<createdBy>javieragutierrez</createdBy>
<createdTime>2026-01-08 18:44:58 UTC</createdTime>
<engineerTo>
<item key="C304C17A-946F-EF19-AD91-CC1138C1F812" value="true"/>
</engineerTo>
<nullsAllowed>true</nullsAllowed>
<use>0</use>
<ownDataTypeParameters>,,</ownDataTypeParameters>
</Attribute>
</attributes>
<identifiers itemClass="oracle.dbtools.crest.model.design.logical.CandidateKey">
<identifier id="5B5D76A5-2ED8-C458-7006-6A248E0476EE" name="Empleado PK">
<createdBy>javieragutierrez</createdBy>
<createdTime>2026-01-08 18:44:13 UTC</createdTime>
<engineerTo>
<item key="C304C17A-946F-EF19-AD91-CC1138C1F812" value="true"/>
</engineerTo>
<pk>true</pk>
<usedAttributes>
<attributeRef>2108EBF9-4A66-8F5B-76DD-8508313DE997</attributeRef>
</usedAttributes>
</identifier>
</identifiers>
</Entity>