<?xml version = '1.0' encoding = 'UTF-8'?>
<Entity class="oracle.dbtools.crest.model.design.logical.Entity" directorySegmentName="seg_0" id="1AB5A021-BC0F-1C79-0B28-7D4482028101" name="Pasajero">
<createdBy>javieragutierrez</createdBy>
<createdTime>2026-01-08 18:36:57 UTC</createdTime>
<engineerTo>
<item key="C304C17A-946F-EF19-AD91-CC1138C1F812" value="true"/>
</engineerTo>
<adequatelyNormalized>NO</adequatelyNormalized>
<expectedVolumes>0</expectedVolumes>
<fwdEngineeringStrategyName>Single Table</fwdEngineeringStrategyName>
<growthPercent>0</growthPercent>
<growthType>Year</growthType>
<maxVolumes>9999999</maxVolumes>
<minVolumes>0</minVolumes>
<normalForm>Third</normalForm>
<attributes itemClass="oracle.dbtools.crest.model.design.logical.Attribute">
<Attribute name="ID_Pasaporte" id="12149B17-414A-F8F5-28A7-6F87C3D2E90D">
<createdBy>javieragutierrez</createdBy>
<createdTime>2026-01-08 18:39:43 UTC</createdTime>
<engineerTo>
<item key="C304C17A-946F-EF19-AD91-CC1138C1F812" value="true"/>
</engineerTo>
<use>0</use>
<ownDataTypeParameters>,,</ownDataTypeParameters>
</Attribute>
<Attribute name="Nombre_Completo" id="505B6D13-02C8-DD3C-94F7-34021D7F96AD">
<createdBy>javieragutierrez</createdBy>
<createdTime>2026-01-08 18:40:11 UTC</createdTime>
<engineerTo>
<item key="C304C17A-946F-EF19-AD91-CC1138C1F812" value="true"/>
</engineerTo>
<nullsAllowed>true</nullsAllowed>
<use>0</use>
<ownDataTypeParameters>,,</ownDataTypeParameters>
</Attribute>
<Attribute name="Fecha_Nacimiento" id="61806CED-A43C-52B0-D9A1-90736FF800A8">
<createdBy>javieragutierrez</createdBy>
<createdTime>2026-01-08 18:40:23 UTC</createdTime>
<engineerTo>
<item key="C304C17A-946F-EF19-AD91-CC1138C1F812" value="true"/>
</engineerTo>
<nullsAllowed>true</nullsAllowed>
<use>0</use>
<ownDataTypeParameters>,,</ownDataTypeParameters>
</Attribute>
<Attribute name="Nacionalidad" id="51EE65C6-0E5E-B091-F35E-3DAD3C69AF31">
<createdBy>javieragutierrez</createdBy>
<createdTime>2026-01-08 18:40:34 UTC</createdTime>
<engineerTo>
<item key="C304C17A-946F-EF19-AD91-CC1138C1F812" value="true"/>
</engineerTo>
<nullsAllowed>true</nullsAllowed>
<use>0</use>
<ownDataTypeParameters>,,</ownDataTypeParameters>
</Attribute>
<Attribute name="Contacto" id="B5B6FACF-603C-BBCB-CBB4-00B19819440A">
<createdBy>javieragutierrez</createdBy>
<createdTime>2026-01-08 18:40:41 UTC</createdTime>
<engineerTo>
<item key="C304C17A-946F-EF19-AD91-CC1138C1F812" value="true"/>
</engineerTo>
<nullsAllowed>true</nullsAllowed>
<use>0</use>
<ownDataTypeParameters>,,</ownDataTypeParameters>
</Attribute>
</attributes>
<identifiers itemClass="oracle.dbtools.crest.model.design.logical.CandidateKey">
<identifier id="480F09B5-7687-E214-991E-FBE9284A7999" name="Pasajero PK">
<createdBy>javieragutierrez</createdBy>
<createdTime>2026-01-08 18:41:46 UTC</createdTime>
<engineerTo>
<item key="C304C17A-946F-EF19-AD91-CC1138C1F812" value="true"/>
</engineerTo>
<pk>true</pk>
<usedAttributes>
<attributeRef>12149B17-414A-F8F5-28A7-6F87C3D2E90D</attributeRef>
</usedAttributes>
</identifier>
</identifiers>
</Entity>