<?xml version = '1.0' encoding = 'UTF-8'?>
<Entity class="oracle.dbtools.crest.model.design.logical.Entity" directorySegmentName="seg_0" id="3F841D2D-2957-90AB-7C18-BDA0B9ECAF48" name="Vuelo">
<createdBy>javieragutierrez</createdBy>
<createdTime>2026-01-08 18:51:31 UTC</createdTime>
<engineerTo>
<item key="C304C17A-946F-EF19-AD91-CC1138C1F812" value="true"/>
</engineerTo>
<adequatelyNormalized>NO</adequatelyNormalized>
<expectedVolumes>0</expectedVolumes>
<fwdEngineeringStrategyName>Single Table</fwdEngineeringStrategyName>
<growthPercent>0</growthPercent>
<growthType>Year</growthType>
<maxVolumes>9999999</maxVolumes>
<minVolumes>0</minVolumes>
<normalForm>Third</normalForm>
<attributes itemClass="oracle.dbtools.crest.model.design.logical.Attribute">
<Attribute name="Num_Vuelo" id="55D84015-34C5-9939-C336-2854AB4D00D8">
<createdBy>javieragutierrez</createdBy>
<createdTime>2026-01-08 18:51:39 UTC</createdTime>
<engineerTo>
<item key="C304C17A-946F-EF19-AD91-CC1138C1F812" value="true"/>
</engineerTo>
<use>0</use>
<ownDataTypeParameters>,,</ownDataTypeParameters>
</Attribute>
<Attribute name="Fecha_Despegue" id="FBFB2B5D-EA47-7FCF-2AF9-8C295CD0E595">
<createdBy>javieragutierrez</createdBy>
<createdTime>2026-01-08 18:51:49 UTC</createdTime>
<engineerTo>
<item key="C304C17A-946F-EF19-AD91-CC1138C1F812" value="true"/>
</engineerTo>
<nullsAllowed>true</nullsAllowed>
<use>0</use>
<ownDataTypeParameters>,,</ownDataTypeParameters>
</Attribute>
<Attribute name="Fecha_Llegada" id="7BB5B3A4-9E32-1EB6-3420-8122AE815C01">
<createdBy>javieragutierrez</createdBy>
<createdTime>2026-01-08 18:51:56 UTC</createdTime>
<engineerTo>
<item key="C304C17A-946F-EF19-AD91-CC1138C1F812" value="true"/>
</engineerTo>
<nullsAllowed>true</nullsAllowed>
<use>0</use>
<ownDataTypeParameters>,,</ownDataTypeParameters>
</Attribute>
<Attribute name="Hora_Salida" id="695DC94F-B2E7-ABB9-21E1-79A0DC05374F">
<createdBy>javieragutierrez</createdBy>
<createdTime>2026-01-08 18:52:01 UTC</createdTime>
<engineerTo>
<item key="C304C17A-946F-EF19-AD91-CC1138C1F812" value="true"/>
</engineerTo>
<nullsAllowed>true</nullsAllowed>
<use>0</use>
<ownDataTypeParameters>,,</ownDataTypeParameters>
</Attribute>
<Attribute name="ID_Reserva" id="EC8FC638-8CB7-D9D4-0B2E-9DCE0C5FC680">
<createdBy>javieragutierrez</createdBy>
<createdTime>2026-01-08 18:52:07 UTC</createdTime>
<engineerTo>
<item key="C304C17A-946F-EF19-AD91-CC1138C1F812" value="true"/>
</engineerTo>
<use>0</use>
<ownDataTypeParameters>,,</ownDataTypeParameters>
</Attribute>
<Attribute name="ID_Reserva1" id="66CBECB9-7A91-546E-D1EE-BA5C19A82414">
<createdBy>javieragutierrez</createdBy>
<createdTime>2026-01-08 18:54:00 UTC</createdTime>
<generatorID>91BEF86D-5510-934F-B73C-E7DF528BEA67</generatorID>
<engineerTo>
<item key="C304C17A-946F-EF19-AD91-CC1138C1F812" value="true"/>
</engineerTo>
<referedAttribute>77AA2138-072C-00C5-7602-E368D50294D8</referedAttribute>
<use>0</use>
<ownDataTypeParameters>,,</ownDataTypeParameters>
</Attribute>
<Attribute name="RUT" id="4F1603A1-8CC9-2C47-4DEC-1A0CAE634BC6">
<createdBy>javieragutierrez</createdBy>
<createdTime>2026-01-08 18:54:00 UTC</createdTime>
<generatorID>91BEF86D-5510-934F-B73C-E7DF528BEA67</generatorID>
<engineerTo>
<item key="C304C17A-946F-EF19-AD91-CC1138C1F812" value="true"/>
</engineerTo>
<referedAttribute>0085D9C6-CC63-91D6-B208-22E5FAFA06BD</referedAttribute>
<use>0</use>
<ownDataTypeParameters>,,</ownDataTypeParameters>
</Attribute>
<Attribute name="ID_Pasaporte" id="F5996FC3-10A4-B80C-5CB1-C7BACD8B508E">
<createdBy>javieragutierrez</createdBy>
<createdTime>2026-01-08 18:54:00 UTC</createdTime>
<generatorID>91BEF86D-5510-934F-B73C-E7DF528BEA67</generatorID>
<engineerTo>
<item key="C304C17A-946F-EF19-AD91-CC1138C1F812" value="true"/>
</engineerTo>
<referedAttribute>6D92F535-2619-D1F0-E4C5-68EB8CB661D4</referedAttribute>
<use>0</use>
<ownDataTypeParameters>,,</ownDataTypeParameters>
</Attribute>
</attributes>
<identifiers itemClass="oracle.dbtools.crest.model.design.logical.CandidateKey">
<identifier id="A69823ED-1814-8732-6A00-008D689DE016" name="Vuelo PK">
<createdBy>javieragutierrez</createdBy>
<createdTime>2026-01-08 18:51:47 UTC</createdTime>
<engineerTo>
<item key="C304C17A-946F-EF19-AD91-CC1138C1F812" value="true"/>
</engineerTo>
<pk>true</pk>
<usedAttributes>
<attributeRef>55D84015-34C5-9939-C336-2854AB4D00D8</attributeRef>
<attributeRef>EC8FC638-8CB7-D9D4-0B2E-9DCE0C5FC680</attributeRef>
</usedAttributes>
</identifier>
</identifiers>
</Entity>