<?xml version = '1.0' encoding = 'UTF-8'?>
<Entity class="oracle.dbtools.crest.model.design.logical.Entity" directorySegmentName="seg_0" id="C707CED1-F24D-32D2-0FCD-E15DD31CA59F" name="Reserva">
<createdBy>javieragutierrez</createdBy>
<createdTime>2026-01-08 18:45:46 UTC</createdTime>
<engineerTo>
<item key="C304C17A-946F-EF19-AD91-CC1138C1F812" value="true"/>
</engineerTo>
<adequatelyNormalized>NO</adequatelyNormalized>
<expectedVolumes>0</expectedVolumes>
<fwdEngineeringStrategyName>Single Table</fwdEngineeringStrategyName>
<growthPercent>0</growthPercent>
<growthType>Year</growthType>
<maxVolumes>9999999</maxVolumes>
<minVolumes>0</minVolumes>
<normalForm>Third</normalForm>
<attributes itemClass="oracle.dbtools.crest.model.design.logical.Attribute">
<Attribute name="ID_Reserva" id="77AA2138-072C-00C5-7602-E368D50294D8">
<createdBy>javieragutierrez</createdBy>
<createdTime>2026-01-08 18:46:03 UTC</createdTime>
<engineerTo>
<item key="C304C17A-946F-EF19-AD91-CC1138C1F812" value="true"/>
</engineerTo>
<use>0</use>
<ownDataTypeParameters>,,</ownDataTypeParameters>
</Attribute>
<Attribute name="Fecha_Reserva" id="B3A71BD9-5C7E-8E8C-9850-5392E48B5B80">
<createdBy>javieragutierrez</createdBy>
<createdTime>2026-01-08 18:46:12 UTC</createdTime>
<engineerTo>
<item key="C304C17A-946F-EF19-AD91-CC1138C1F812" value="true"/>
</engineerTo>
<nullsAllowed>true</nullsAllowed>
<use>0</use>
<ownDataTypeParameters>,,</ownDataTypeParameters>
</Attribute>
<Attribute name="Fecha_Viaje" id="E8C8513C-97FE-248E-F3FA-888BBBA80702">
<createdBy>javieragutierrez</createdBy>
<createdTime>2026-01-08 18:46:20 UTC</createdTime>
<engineerTo>
<item key="C304C17A-946F-EF19-AD91-CC1138C1F812" value="true"/>
</engineerTo>
<nullsAllowed>true</nullsAllowed>
<use>0</use>
<ownDataTypeParameters>,,</ownDataTypeParameters>
</Attribute>
<Attribute name="Estado" id="07FF8729-5003-6FB4-83B0-BCC19730FBD9">
<createdBy>javieragutierrez</createdBy>
<createdTime>2026-01-08 18:46:27 UTC</createdTime>
<engineerTo>
<item key="C304C17A-946F-EF19-AD91-CC1138C1F812" value="true"/>
</engineerTo>
<nullsAllowed>true</nullsAllowed>
<use>0</use>
<ownDataTypeParameters>,,</ownDataTypeParameters>
</Attribute>
<Attribute name="ID_Pasaporte" id="6D92F535-2619-D1F0-E4C5-68EB8CB661D4">
<createdBy>javieragutierrez</createdBy>
<createdTime>2026-01-08 18:46:32 UTC</createdTime>
<engineerTo>
<item key="C304C17A-946F-EF19-AD91-CC1138C1F812" value="true"/>
</engineerTo>
<use>0</use>
<ownDataTypeParameters>,,</ownDataTypeParameters>
</Attribute>
<Attribute name="RUT" id="0085D9C6-CC63-91D6-B208-22E5FAFA06BD">
<createdBy>javieragutierrez</createdBy>
<createdTime>2026-01-08 18:46:40 UTC</createdTime>
<engineerTo>
<item key="C304C17A-946F-EF19-AD91-CC1138C1F812" value="true"/>
</engineerTo>
<use>0</use>
<ownDataTypeParameters>,,</ownDataTypeParameters>
</Attribute>
<Attribute name="ID_Pasaporte1" id="34172FA6-DD29-FEFE-3784-EA0C707CAFD8">
<createdBy>javieragutierrez</createdBy>
<createdTime>2026-01-08 18:52:54 UTC</createdTime>
<generatorID>98128EF3-09FA-AE9C-8A54-0CCE199F3676</generatorID>
<engineerTo>
<item key="C304C17A-946F-EF19-AD91-CC1138C1F812" value="true"/>
</engineerTo>
<referedAttribute>12149B17-414A-F8F5-28A7-6F87C3D2E90D</referedAttribute>
<use>0</use>
<ownDataTypeParameters>,,</ownDataTypeParameters>
</Attribute>
<Attribute name="RUT1" id="0803BBDF-AEC6-5501-946C-4289B85DC9DD">
<createdBy>javieragutierrez</createdBy>
<createdTime>2026-01-08 18:53:32 UTC</createdTime>
<generatorID>D2A4765E-14BD-013C-2AE6-F9DF0F503C77</generatorID>
<engineerTo>
<item key="C304C17A-946F-EF19-AD91-CC1138C1F812" value="true"/>
</engineerTo>
<referedAttribute>2108EBF9-4A66-8F5B-76DD-8508313DE997</referedAttribute>
<use>0</use>
<ownDataTypeParameters>,,</ownDataTypeParameters>
</Attribute>
</attributes>
<identifiers itemClass="oracle.dbtools.crest.model.design.logical.CandidateKey">
<identifier id="EB19ABAB-A9AB-CF64-598C-A743FD67344A" name="Reserva PK">
<createdBy>javieragutierrez</createdBy>
<createdTime>2026-01-08 18:46:11 UTC</createdTime>
<engineerTo>
<item key="C304C17A-946F-EF19-AD91-CC1138C1F812" value="true"/>
</engineerTo>
<pk>true</pk>
<usedAttributes>
<attributeRef>77AA2138-072C-00C5-7602-E368D50294D8</attributeRef>
<attributeRef>0085D9C6-CC63-91D6-B208-22E5FAFA06BD</attributeRef>
<attributeRef>6D92F535-2619-D1F0-E4C5-68EB8CB661D4</attributeRef>
</usedAttributes>
</identifier>
</identifiers>
</Entity>