<?xml version = '1.0' encoding = 'UTF-8'?>
<Relation class="oracle.dbtools.crest.model.design.logical.Relation" name="Relation_3" directorySegmentName="seg_0" id="91BEF86D-5510-934F-B73C-E7DF528BEA67">
<createdBy>javieragutierrez</createdBy>
<createdTime>2026-01-08 18:54:00 UTC</createdTime>
<engineerTo>
<item key="C304C17A-946F-EF19-AD91-CC1138C1F812" value="true"/>
</engineerTo>
<sourcePk>EB19ABAB-A9AB-CF64-598C-A743FD67344A</sourcePk>
<identifying>false</identifying>
<optionalSource>true</optionalSource>
<optionalTarget>false</optionalTarget>
<sourceCardinality>1</sourceCardinality>
<sourceEntity>C707CED1-F24D-32D2-0FCD-E15DD31CA59F</sourceEntity>
<targetCardinalityString>1</targetCardinalityString>
<targetEntity>3F841D2D-2957-90AB-7C18-BDA0B9ECAF48</targetEntity>
<transferable>true</transferable>
<deleteRule>NO ACTION</deleteRule>
</Relation>