<?xml version = '1.0' encoding = 'UTF-8'?>
<Relation class="oracle.dbtools.crest.model.design.logical.Relation" name="Relation_1" directorySegmentName="seg_0" id="98128EF3-09FA-AE9C-8A54-0CCE199F3676">
<createdBy>javieragutierrez</createdBy>
<createdTime>2026-01-08 18:52:54 UTC</createdTime>
<engineerTo>
<item key="C304C17A-946F-EF19-AD91-CC1138C1F812" value="true"/>
</engineerTo>
<sourcePk>480F09B5-7687-E214-991E-FBE9284A7999</sourcePk>
<identifying>false</identifying>
<optionalSource>true</optionalSource>
<optionalTarget>false</optionalTarget>
<sourceCardinality>1</sourceCardinality>
<sourceEntity>1AB5A021-BC0F-1C79-0B28-7D4482028101</sourceEntity>
<targetCardinalityString>*</targetCardinalityString>
<targetEntity>C707CED1-F24D-32D2-0FCD-E15DD31CA59F</targetEntity>
<transferable>true</transferable>
<deleteRule>NO ACTION</deleteRule>
</Relation>