<?xml version = '1.0' encoding = 'UTF-8'?>
<Relation class="oracle.dbtools.crest.model.design.logical.Relation" name="Relation_2" directorySegmentName="seg_0" id="D2A4765E-14BD-013C-2AE6-F9DF0F503C77">
<createdBy>javieragutierrez</createdBy>
<createdTime>2026-01-08 18:53:32 UTC</createdTime>
<engineerTo>
<item key="C304C17A-946F-EF19-AD91-CC1138C1F812" value="true"/>
</engineerTo>
<sourcePk>5B5D76A5-2ED8-C458-7006-6A248E0476EE</sourcePk>
<identifying>false</identifying>
<optionalSource>true</optionalSource>
<optionalTarget>false</optionalTarget>
<sourceCardinality>1</sourceCardinality>
<sourceEntity>0DC955E1-0D65-02A3-6066-A22813E884B6</sourceEntity>
<targetCardinalityString>*</targetCardinalityString>
<targetEntity>C707CED1-F24D-32D2-0FCD-E15DD31CA59F</targetEntity>
<transferable>true</transferable>
<deleteRule>NO ACTION</deleteRule>
</Relation>