<?xml version = '1.0' encoding = 'UTF-8'?>
<Diagram class="oracle.dbtools.crest.swingui.logical.DPVLogical" name="Logical" id="8F78C1BC-759A-AF8E-06FE-F23E586132FD">
<createdBy>javieragutierrez</createdBy>
<modifiedBy>javieragutierrez</modifiedBy>
<createdTime>2026-01-08 18:35:20 UTC</createdTime>
<autoRoute>false</autoRoute>
<boxInbox>true</boxInbox>
<showLegend>false</showLegend>
<showLabels>false</showLabels>
<showRelAttributes>false</showRelAttributes>
<gridEnabled>false</gridEnabled>
<showGrid>false</showGrid>
<diagramColor>-1</diagramColor>
<display>false</display>
<notation>1</notation>
<objectViews>
<OView class="oracle.dbtools.crest.swingui.logical.TVEntity" oid="0DC955E1-0D65-02A3-6066-A22813E884B6" otype="Entity" vid="1994AA33-8A61-D0B2-D05D-D426B8A93588">
<hideElementsInCurrentOnly>false</hideElementsInCurrentOnly>
<bounds x="356" y="120" width="226" height="157"/>
</OView>
<OView class="oracle.dbtools.crest.swingui.logical.TVEntity" oid="1AB5A021-BC0F-1C79-0B28-7D4482028101" otype="Entity" vid="F159936A-D053-EA8B-5E15-B2AD113C1DAC">
<hideElementsInCurrentOnly>false</hideElementsInCurrentOnly>
<bounds x="59" y="119" width="221" height="156"/>
</OView>
<OView class="oracle.dbtools.crest.swingui.logical.TVEntity" oid="3F841D2D-2957-90AB-7C18-BDA0B9ECAF48" otype="Entity" vid="8B0431DE-DD3C-6D29-25BB-1D99FBCE1829">
<hideElementsInCurrentOnly>false</hideElementsInCurrentOnly>
<bounds x="357" y="350" width="234" height="158"/>
</OView>
<OView class="oracle.dbtools.crest.swingui.logical.TVEntity" oid="C707CED1-F24D-32D2-0FCD-E15DD31CA59F" otype="Entity" vid="414B032E-8F3D-0BBD-24A4-A05BB282A372">
<hideElementsInCurrentOnly>false</hideElementsInCurrentOnly>
<bounds x="56" y="343" width="233" height="161"/>
</OView>
</objectViews>
<connectors>
<Connector class="oracle.dbtools.crest.swingui.logical.TVRelation" oid="91BEF86D-5510-934F-B73C-E7DF528BEA67" otype="Relation" vid_source="414B032E-8F3D-0BBD-24A4-A05BB282A372" vid_target="8B0431DE-DD3C-6D29-25BB-1D99FBCE1829">
<hideElementsInCurrentOnly>false</hideElementsInCurrentOnly>
<backgroundColor>-16777216</backgroundColor>
<lineWidth>1</lineWidth>
<points>
<point x="289" y="427"/>
<point x="357" y="427"/>
</points>
</Connector>
<Connector class="oracle.dbtools.crest.swingui.logical.TVRelation" oid="98128EF3-09FA-AE9C-8A54-0CCE199F3676" otype="Relation" vid_source="F159936A-D053-EA8B-5E15-B2AD113C1DAC" vid_target="414B032E-8F3D-0BBD-24A4-A05BB282A372">
<hideElementsInCurrentOnly>false</hideElementsInCurrentOnly>
<backgroundColor>-16777216</backgroundColor>
<lineWidth>1</lineWidth>
<points>
<point x="169" y="275"/>
<point x="169" y="343"/>
</points>
</Connector>
<Connector class="oracle.dbtools.crest.swingui.logical.TVRelation" oid="D2A4765E-14BD-013C-2AE6-F9DF0F503C77" otype="Relation" vid_source="1994AA33-8A61-D0B2-D05D-D426B8A93588" vid_target="414B032E-8F3D-0BBD-24A4-A05BB282A372">
<hideElementsInCurrentOnly>false</hideElementsInCurrentOnly>
<backgroundColor>-16777216</backgroundColor>
<lineWidth>1</lineWidth>
<points>
<point x="365" y="277"/>
<point x="278" y="343"/>
</points>
</Connector>
</connectors>
</Diagram>